{
	"format_version": "1.12.0",
	"minecraft:geometry": [
		{
			"description": {
				"identifier": "geometry.colossusgolem",
				"texture_width": 128,
				"texture_height": 128,
				"visible_bounds_width": 3,
				"visible_bounds_height": 4,
				"visible_bounds_offset": [0, 1, 0]
			},
			"bones": [
				{
					"name": "head",
					"pivot": [0, 0, 0],
					"cubes": [
						{"origin": [-2.6, 30, -6], "size": [6, 7, 6], "uv": [0, 51]},
						{"origin": [-0.5, 29, -8], "size": [2, 4, 2], "uv": [0, 0]}
					]
				},
				{
					"name": "body",
					"pivot": [0, 16, 1],
					"rotation": [15, 0, 0],
					"cubes": [
						{"origin": [-6, 22, -3], "size": [13, 9, 8], "uv": [0, 0]}
					]
				},
				{
					"name": "body2",
					"pivot": [0, 3, 1],
					"rotation": [2.5, 0, 0],
					"cubes": [
						{"origin": [-4, 13, -3], "size": [9, 10, 5], "uv": [23, 27]}
					]
				},
				{
					"name": "arm",
					"pivot": [-7, 7, 1],
					"rotation": [0, 0, 7.5],
					"cubes": [
						{"origin": [-13.27552, 19.20239, -3], "size": [4, 9, 4], "pivot": [-11.27552, 23.70239, -1], "rotation": [0, 180, 2.5], "uv": [54, 0]},
						{"origin": [-14.92561, 28.2384, -5], "size": [6, 7, 8], "pivot": [-11.92561, 31.7384, -1], "rotation": [180, 180, 2.5], "uv": [0, 17]},
						{"origin": [-14.69724, 8.04335, -4.59469], "size": [6, 12, 5], "pivot": [-11.69724, 14.04335, -2.09469], "rotation": [12.5, 180, 2.5], "uv": [46, 37]}
					]
				},
				{
					"name": "arm2",
					"pivot": [17, 8, 1],
					"rotation": [0, 0, -10],
					"cubes": [
						{"origin": [10, 20, -3], "size": [4, 9, 4], "pivot": [17, 8, 1], "rotation": [0, 0, 2.5], "uv": [54, 0]},
						{"origin": [10, 29, -5], "size": [6, 7, 8], "pivot": [17, 8, 1], "rotation": [0, 0, 2.5], "uv": [0, 17]},
						{"origin": [9, 8, -6], "size": [6, 12, 5], "pivot": [17, 8, 1], "rotation": [-12.5, 0, 2.5], "uv": [24, 42]}
					]
				},
				{
					"name": "leg",
					"pivot": [0, 12, 0],
					"rotation": [-22.5, 0, 0],
					"cubes": [
						{"origin": [-5, 6, -3], "size": [4, 7, 4], "uv": [46, 54]},
						{"origin": [-6, 0, -5.2], "size": [6, 9, 6], "pivot": [0, 12, 0], "rotation": [22.5, 0, 0], "uv": [36, 11]}
					]
				},
				{
					"name": "leg2",
					"pivot": [6, 12, 0],
					"rotation": [-22.5, 0, 0],
					"cubes": [
						{"origin": [1, 0, -5.2], "size": [6, 9, 6], "pivot": [0, 12, 0], "rotation": [22.5, 0, 0], "uv": [0, 36]},
						{"origin": [2, 6, -3], "size": [4, 7, 4], "uv": [51, 26]}
					]
				}
			]
		}
	]
}