{
  "format_version": "1.10.0",
  "animation_controllers": {
    "controller.animation.pa_copper_boots": {
      "states": {
        "default": {
          "transitions": [
            {
              "walking": "(1.0)"
            }
          ],
          "on_entry": [
            "/function pa_copper_boots"
          ]
        },
        "walking": {
          "transitions": [
            {
              "default": "query.get_equipped_item_name=='copper_boots' && query.is_using_item"
            }
          ],
          "on_entry": [
            "/function pa_copper_boots"
          ]
        }
      }
    }
  }
}