{
  "format_version": "1.10.0",
  "animation_controllers": {
    "controller.animation.mc_spawn_gold_golem_1": {
      "initial_state": "preshoot",
      "states": {
        "preshoot": {
          "transitions": [
            {
              "shoot": "q.get_equipped_item_name(0) == 'spawn_gold_golem_1' && q.is_using_item"
            }
          ]
        },
        "shooting": {
          "on_entry": [
            "v.delaytime = q.life_time;"
          ],
          "transitions": [
            {
              "preshoot": "q.get_equipped_item_name(0) != 'spawn_gold_golem_1' || !q.is_using_item"
            },
            {
              "shoot": "q.get_equipped_item_name(0) != 'spawn_gold_golem_1' || !q.is_using_item"
            }
          ]
        },
        "shoot": {
          "on_entry": [
            "@s mc:spawn_gold_golem_1_fire",
            "/playsound mc_spawn_gold_golem_1_shot"
          ],
          "transitions": [
            {
              "shooting": "1.0"
            }
          ],
          "on_exit": [
            "v.bullet_fire = q.life_time;",
            "/clear @s mc:spawn_gold_golem_1 0 1"
          ]
        }
      }
    }
  }
}