{
  "resource_pack_name": "vanilla",
  "texture_name": "atlas.items",
  "texture_data": {
    "egg_camel": {
      "textures": "textures/items/egg_camel"
    },
    "egg_lion": {
      "textures": "textures/items/egg_lion"
    },
    "egg_penguin": {
      "textures": "textures/items/egg_penguin"
    },
    "egg_tiger": {
      "textures": "textures/items/egg_tiger"
    },
    "egg_elephant": {
      "textures": "textures/items/egg_elephant"
    },
    "egg_deer": {
      "textures": "textures/items/egg_deer"
    },
    "egg_panther": {
      "textures": "textures/items/egg_panther"
    },
    "egg_frog": {
      "textures": "textures/items/egg_frog"
    },
    "egg_crocodile": {
      "textures": "textures/items/egg_crocodile"
    },
    "egg_mouse": {
      "textures": "textures/items/egg_mouse"
    },
    "gallardo": {
      "textures": "textures/items/gallardo"
    },
    "bench": {
      "textures": "textures/items/bench"
    },
    "christmas_tree": {
      "textures": "textures/items/christmas_tree"
    },
    "tivi": {
      "textures": "textures/items/tivi"
    },
    "closet": {
      "textures": "textures/items/closet"
    },
    "laptop": {
      "textures": "textures/items/laptop"
    },
    "piano": {
      "textures": "textures/items/piano"
    },
    "armchairs": {
      "textures": "textures/items/armchairs"
    },
    "chair": {
      "textures": "textures/items/chair"
    },
    "big_table": {
      "textures": "textures/items/big_table"
    },
    "small_table": {
      "textures": "textures/items/small_table"
    },
    "drone": {
      "textures": "textures/items/drone"
    },
    "colorful_gifts": {
      "textures": "textures/items/colorful_gifts"
    },
    "pa_copper_helmet": {
      "textures": [
        "textures/items/pamobile/pa_copper_helmet"
      ]
    },
    "pa_copper_chestplate": {
      "textures": [
        "textures/items/pamobile/pa_copper_chestplate"
      ]
    },
    "pa_copper_boots": {
      "textures": [
        "textures/items/pamobile/pa_copper_boots"
      ]
    },
    "pa_copper_leggings": {
      "textures": [
        "textures/items/pamobile/pa_copper_leggings"
      ]
    },
    "pa_copper_sword": {
      "textures": "textures/items/pamobile/pa_copper_sword"
    },
    "pa_copper_axe": {
      "textures": "textures/items/pamobile/pa_copper_axe"
    },
    "pa_copper_picaxe": {
      "textures": "textures/items/pamobile/pa_copper_picaxe"
    },
    "pa_copper_hoe": {
      "textures": "textures/items/pamobile/pa_copper_hoe"
    },
    "pa:copper_apple": {
      "textures": "textures/items/pamobile/pa_copper_apple"
    },
    "pa:copper_apple_enchanted": {
      "textures": "textures/items/pamobile/pa_copper_apple_enchanted"
    },
    "pa_copper_shovel": {
      "textures": "textures/items/pamobile/pa_copper_shovel"
    },
    "mrxtr8me:copper_golem": {
      "textures": "textures/items/pamobile/mrxtr8me_copper_golem"
    },
    "mr:copper_golem_statue": {
      "textures": "textures/items/pamobile/mr_copper_golem_statue"
    },
    "pa:buffed_copper_golem": {
      "textures": "textures/items/pamobile/pa_buffed_copper_golem"
    }
  }
}