{"format_version":"1.8.0","minecraft:client_entity":{"description":{"identifier":"moregolem:lava_golem","materials":{"default":"iron_golem"},"textures":{"default":"textures/entity/pamobile/moregolem_lava_golem"},"geometry":{"default":"geometry.irongolem"},"animations":{"walk":"animation.iron_golem.walk","move":"animation.iron_golem.move","attack":"animation.iron_golem.attack","flower":"animation.iron_golem.flower","look_at_target":"animation.common.look_at_target"},"animation_controllers":[{"move":"controller.animation.iron_golem.move"},{"arm":"controller.animation.iron_golem.arm_movement"}],"spawn_egg":{"texture":"moregolem:lava_golem","texture_index":0},"render_controllers":["controller.render.iron_golem"]}}}