{"id":"1592848945597","name":"Drop 1592848945597","pools":[{"rolls":2,"entries":[{"type":"item","weight":1,"name":"minecraft:iron_block","functions":[{"function":"set_count","count":{"min":1,"max":1}}]}]},{"rolls":2,"entries":[{"type":"item","weight":1,"name":"minecraft:blue_glazed_terracotta","functions":[{"function":"set_count","count":{"min":1,"max":1}}]}]},{"rolls":2,"entries":[{"type":"item","weight":1,"name":"minecraft:red_flower","functions":[{"function":"set_count","count":{"min":1,"max":1}}]}]}]}