{
  "format_version": "1.12",
  "minecraft:recipe_shaped": {
    "description": {
      "identifier": "mega_sword_395df1a6"
    },
    "tags": [
      "crafting_table"
    ],
    "pattern": [
      "ABA",
      "BCB",
      "ADA"
    ],
    "key": {
      "A": {
        "item": "moregolem:mega_crystal",
        "data": 0
      },
      "B": {
        "item": "minecraft:diamond_block",
        "data": 0
      },
      "C": {
        "item": "minecraft:diamond_sword",
        "data": 0
      },
      "D": {
        "item": "minecraft:blue_glazed_terracotta",
        "data": 0
      }
    },
    "result": {
      "item": "moregolem:mega_sword",
      "count": 1
    }
  }
}