{"format_version":"1.8.0","minecraft:entity":{"description":{"identifier":"moregolem:metal_golem","is_spawnable":true,"is_summonable":true,"is_experimental":false},"component_groups":{"minecraft:player_created":{"minecraft:behavior.hurt_by_target":{"priority":2,"entity_types":{"filters":{"all_of":[{"test":"is_family","subject":"other","operator":"!=","value":"player"},{"test":"is_family","subject":"other","operator":"!=","value":"creeper"}]}}}},"minecraft:village_created":{"minecraft:behavior.defend_village_target":{"priority":1},"minecraft:dweller":{"dwelling_type":"village","dweller_role":"defender","update_interval_base":60,"update_interval_variant":40,"can_find_poi":false,"can_migrate":true,"first_founding_reward":0}}},"components":{"minecraft:type_family":{"family":["irongolem"]},"minecraft:nameable":{"alwaysShow":false,"allowNameTagRenaming":false},"minecraft:collision_box":{"width":1.4,"height":2.9},"minecraft:health":{"value":195,"max":195},"minecraft:movement":{"value":0.25},"minecraft:navigation.walk":{"can_path_over_water":false,"avoid_water":true,"avoid_damage_blocks":true},"minecraft:movement.basic":{},"minecraft:jump.static":{},"minecraft:can_climb":{},"minecraft:attack":{"damage":40},"minecraft:fall_damage":{"value":0.0},"minecraft:knockback_resistance":{"value":1.0},"minecraft:leashable":{"soft_distance":4.0,"hard_distance":6.0,"max_distance":10.0},"minecraft:balloonable":{},"minecraft:preferred_path":{"max_fall_blocks":1,"jump_cost":5,"default_block_cost":1.5,"preferred_path_blocks":[{"cost":0,"blocks":["grass_path"]},{"cost":1,"blocks":["cobblestone","stone","stonebrick","sandstone","mossy_cobblestone","stone_slab","stone_slab2","stone_slab3","stone_slab4","double_stone_slab","double_stone_slab2","double_stone_slab3","double_stone_slab4","wooden_slab","double_wooden_slab","planks","brick_block","nether_brick","red_nether_brick","end_bricks","red_sandstone","stained_glass","glass","glowstone","prismarine","emerald_block","diamond_block","lapis_block","gold_block","redstone_block","purple_glazed_terracotta","white_glazed_terracotta","orange_glazed_terracotta","magenta_glazed_terracotta","light_blue_glazed_terracotta","yellow_glazed_terracotta","lime_glazed_terracotta","pink_glazed_terracotta","gray_glazed_terracotta","silver_glazed_terracotta","cyan_glazed_terracotta","blue_glazed_terracotta","brown_glazed_terracotta","green_glazed_terracotta","red_glazed_terracotta","black_glazed_terracotta"]},{"cost":50,"blocks":["bed","lectern","composter","grindstone","blast_furnace","smoker","fletching_table","cartography_table","brewing_stand","smithing_table","cauldron","barrel","loom","stonecutter"]}]},"minecraft:behavior.move_towards_target":{"priority":2,"speed_multiplier":0.9,"within_radius":32},"minecraft:behavior.move_through_village":{"priority":3,"speed_multiplier":0.6,"only_at_night":true},"minecraft:behavior.move_towards_restriction":{"priority":4,"speed_multiplier":1},"minecraft:behavior.offer_flower":{"priority":5},"minecraft:behavior.random_stroll":{"priority":6,"speed_multiplier":1,"xz_dist":16},"minecraft:behavior.look_at_player":{"priority":7,"look_distance":6.0,"probability":0.02},"minecraft:behavior.random_look_around":{"priority":8},"minecraft:behavior.hurt_by_target":{"priority":2,"entity_types":{"filters":{"test":"is_family","subject":"other","operator":"!=","value":"creeper"}}},"minecraft:physics":{},"minecraft:follow_range":{"value":64},"minecraft:experience_reward":{"on_death":"query.last_hit_by_player ? 10 : 0"},"minecraft:scale":{"value":1,"max":1},"minecraft:behavior.nearest_attackable_target":{"priority":1,"within_radius":25,"must_reach":false,"entity_types":[{"filters":{"other_with_families":["dark","blaze","cavespider","drowned","enderman","endermite","evocation_illager","husk","illager","monster","ravager","shulker","skeleton","slime","spider","stray","undead","vex","vindicator","witch","wither","zombie","zombie_pigman","zombie_villager"]},"max_dist":35,"must_see":false,"walk_speed_multiplier":1.0,"sprint_speed_multiplier":1.0,"within_default":1}],"must_see":false,"speed_multiplier":1.0},"minecraft:behavior.melee_attack":{"priority":2,"speed_multiplier":1.0,"target_dist":0.0,"max_dist":3,"random_stop_interval":100,"track_target":true,"reach_multiplier":1.4},"minecraft:loot":{"table":"loot_tables/entities/moregolem:metal_golem.json"}},"events":{"minecraft:from_player":{"add":{"component_groups":["minecraft:player_created"]}},"minecraft:from_village":{"add":{"component_groups":["minecraft:village_created"]}}}}}