{
  "resource_pack_name": "vanilla",
  "texture_name": "atlas.terrain",
  "padding": 8,
  "num_mip_levels": 4,
  "texture_data": {
    "mgremastered_titanium_blocl_up": {
      "textures": [
        "textures/blocks/mgremastered_titanium_blocl_up"
      ]
    },
    "mgremastered_titanium_blocl_down": {
      "textures": [
        "textures/blocks/mgremastered_titanium_blocl_down"
      ]
    },
    "mgremastered_titanium_blocl_north": {
      "textures": [
        "textures/blocks/mgremastered_titanium_blocl_north"
      ]
    },
    "mgremastered_titanium_blocl_south": {
      "textures": [
        "textures/blocks/mgremastered_titanium_blocl_south"
      ]
    },
    "mgremastered_titanium_blocl_east": {
      "textures": [
        "textures/blocks/mgremastered_titanium_blocl_east"
      ]
    },
    "mgremastered_titanium_blocl_west": {
      "textures": [
        "textures/blocks/mgremastered_titanium_blocl_west"
      ]
    }
  }
}