{
  "format_version": "1.12",
  "minecraft:recipe_shaped": {
    "description": {
      "identifier": "copper_apple_enchanted_050a7ad7"
    },
    "tags": [
      "crafting_table"
    ],
    "pattern": [
      "AAA",
      "ABA",
      "AAA"
    ],
    "key": {
      "A": {
        "item": "minecraft:copper_block",
        "data": 0
      },
      "B": {
        "item": "minecraft:apple",
        "data": 0
      }
    },
    "result": {
      "item": "pa:copper_apple_enchanted",
      "count": 1
    }
  }
}