{
  "format_version": "1.16.100",
  "minecraft:item": {
    "description": {
      "identifier": "mgremastered:titanium_leggings",
      "category": "Equipment"
    },
    "components": {
      "minecraft:icon": {
        "texture": "mgremastered_titanium_leggings"
      },
      "minecraft:creative_category": {
        "parent": "itemGroup.name.leggings"
      },
      "minecraft:max_stack_size": 1,
      "minecraft:enchantable": {
        "value": 10,
        "slot": "armor_legs"
      },
      "minecraft:durability": {
        "max_durability": 550,
        "damage_chance": {
          "min": 60,
          "max": 100
        }
      },
      "minecraft:knockback_resistance": {
        "protection": 0.35
      },
      "minecraft:mining_speed": 5,
      "minecraft:foil": false,
      "minecraft:wearable": {
        "slot": "slot.armor.legs"
      },
      "minecraft:render_offsets": "leggings",
      "minecraft:repairable": {
        "repair_items": [
          {
            "items": [
              "minecraft:emerald",
              "mgremastered:titanium_leggings"
            ],
            "repair_amount": 10
          }
        ]
      },
      "minecraft:armor": {
        "protection": 5
      },
      "minecraft:display_name": {}
    }
  }
}