{
  "format_version": "1.12",
  "minecraft:recipe_shaped": {
    "description": {
      "identifier": "spawn_iron_golem_c4f213f8"
    },
    "tags": [
      "crafting_table"
    ],
    "pattern": [
      " A ",
      "BBB",
      " B "
    ],
    "key": {
      "A": {
        "item": "minecraft:carved_pumpkin",
        "data": 0
      },
      "B": {
        "item": "minecraft:iron_block",
        "data": 0
      }
    },
    "result": {
      "item": "mc:spawn_iron_golem",
      "count": 1
    }
  }
}