{
  "format_version": "1.12",
  "minecraft:recipe_shaped": {
    "description": {
      "identifier": "spawn_netherite_golem_1_8f562586"
    },
    "tags": [
      "crafting_table"
    ],
    "pattern": [
      " A ",
      "BCB",
      " B "
    ],
    "key": {
      "A": {
        "item": "mc:jack_o_lantern_with_all_the_lights",
        "data": 0
      },
      "B": {
        "item": "minecraft:netherite_ingot",
        "data": 0
      },
      "C": {
        "item": "mc:spawn_diamond_golem_1",
        "data": 0
      }
    },
    "result": {
      "item": "mc:spawn_netherite_golem_1",
      "count": 1
    }
  }
}