{
  "format_version": "1.12",
  "minecraft:recipe_shaped": {
    "description": {
      "identifier": "spawn_enchanted_irongolem_35c5d6c2"
    },
    "tags": [
      "crafting_table"
    ],
    "pattern": [
      "A",
      "B"
    ],
    "key": {
      "A": {
        "item": "minecraft:enchanted_book",
        "data": 0
      },
      "B": {
        "item": "mc:spawn_iron_golem",
        "data": 0
      }
    },
    "result": {
      "item": "mc:spawn_enchanted_irongolem",
      "count": 1
    }
  }
}