{
  "format_version": "1.12",
  "minecraft:recipe_shaped": {
    "description": {
      "identifier": "spawn_copper_golem_51a0c7c4"
    },
    "tags": [
      "crafting_table"
    ],
    "pattern": [
      " A ",
      "BBB",
      " B "
    ],
    "key": {
      "A": {
        "item": "mc:redstone_jack_o_lantern",
        "data": 0
      },
      "B": {
        "item": "minecraft:copper_ingot",
        "data": 0
      }
    },
    "result": {
      "item": "mc:spawn_copper_golem",
      "count": 1
    }
  }
}