{
	"format_version": "1.8.0",
	"animations": {
		"animation.colossusgolem.move": {
			"loop": true,
			"animation_length": 0.625,
			"bones": {
				"head": {
					"position": {
						"0.0": [0, -1, 0],
						"0.3333": [0, 0, 0],
						"0.625": [0, -1, 0]
					}
				},
				"body": {
					"rotation": {
						"0.125": [2.5, 0, 0],
						"0.2917": [0, 0, 0],
						"0.4583": [2.5, 0, 0]
					}
				},
				"body2": {
					"rotation": {
						"0.0": [2.5, 0, 0],
						"0.125": [2.5, 0, 0],
						"0.2917": [5, 0, 0],
						"0.4167": [2.5, 0, 0]
					},
					"position": {
						"0.2917": [0, 0, 1],
						"0.4167": [0, 0, 1]
					}
				},
				"arm": {
					"rotation": {
						"0.0": [-2.5, 0, 2.5],
						"0.2083": [0, 0, 2.5],
						"0.4167": [-2.5, 0, 2.5]
					},
					"position": [0, 0, -1]
				},
				"arm2": {
					"rotation": {
						"0.0": [-2.5, 0, -2.5],
						"0.2083": [0, 0, -2.5],
						"0.4167": [-2.5, 0, -2.5]
					},
					"position": [0, 0, -1]
				},
				"leg": {
					"rotation": {
						"0.125": [0, 2.5, 0],
						"0.2917": [0, 0, 0],
						"0.4583": [0, 2.5, 0]
					}
				},
				"leg2": {
					"rotation": {
						"0.0": [2.5, 0, 0],
						"0.125": [2.5, -2.5, 0],
						"0.2917": [2.5, 0, 0],
						"0.4583": [2.5, -2.5, 0]
					}
				}
			}
		}
	}
}