{
	"format_version": "1.10.0",
	"geometry.copper_golem": {
		"texturewidth": 64,
		"textureheight": 64,
		"visible_bounds_width": 3,
		"visible_bounds_height": 3,
		"visible_bounds_offset": [0, 1.5, 0],
		"bones": [
			{
				"name": "head",
				"pivot": [0, 11, -1],
				"cubes": [
					{"origin": [-4, 12, -5.5], "size": [8, 5, 8], "uv": [0, 0]},
					{"origin": [-1, 10, -6.5], "size": [2, 4, 2], "uv": [24, 0]}
				]
			},
			{
				"name": "antena",
				"parent": "head",
				"pivot": [0, 15, -1],
				"cubes": [
					{"origin": [-1, 17, -2.5], "size": [2, 4, 2], "uv": [0, 0]},
					{"origin": [-1.5, 21, -3], "size": [3, 3, 3], "uv": [22, 13]}
				]
			},
			{
				"name": "body",
				"pivot": [0, 9, 0],
				"cubes": [
					{"origin": [-3.5, 5.5, -3], "size": [7, 6, 4], "uv": [0, 13], "inflate": 0.5}
				]
			},
			{
				"name": "arm0",
				"parent": "body",
				"pivot": [-4, 13, -0.5],
				"cubes": [
					{"origin": [-6, 4, -2], "size": [2, 8, 3], "uv": [24, 28]}
				]
			},
			{
				"name": "arm1",
				"parent": "body",
				"pivot": [4, 13, -0.5],
				"cubes": [
					{"origin": [4, 4, -2], "size": [2, 8, 3], "uv": [14, 28]}
				]
			},
			{
				"name": "leg0",
				"pivot": [-2, 5, -1],
				"cubes": [
					{"origin": [-3, 0, -3], "size": [3, 5, 4], "uv": [0, 23]}
				]
			},
			{
				"name": "leg1",
				"pivot": [2, 5, -1],
				"mirror": true,
				"cubes": [
					{"origin": [0, 0, -3], "size": [3, 5, 4], "uv": [18, 19], "mirror": false}
				]
			}
		]
	}
}