{
    "format_version": "1.16",
    "minecraft:recipe_shaped": {
        "description": {
            "identifier": "anniboy:copper_golem"
        },
        "tags": [
            "crafting_table"
        ],
        "pattern": [
            " A ",
            "AOA",
            " A "
        ],
        "key": {
            "A": {
                "item": "minecraft:copper_ingot"
            },
            "O": {
                "item": "minecraft:copper_block"
            },
            "#": {
                "item": "minecraft:lightning_rod"
            }
        },
        "result": {
            "item": "anniboy:copper_golem_spawn_egg",
            "count": 1
        }
    }
}