{
  "format_version": "1.16.0",
  "minecraft:block": {
    "description": {
      "identifier": "mc:jack_o_lantern_with_all_the_lights",
      "is_experimental": false
    },
    "components": {
      "minecraft:loot": "loot_tables/blocks/mc_jack_o_lantern_with_all_the_lights.json",
      "minecraft:destroy_time": 0.5,
      "minecraft:friction": 0.7,
      "minecraft:map_color": "#CF9521",
      "minecraft:block_light_absorption": 0.0,
      "minecraft:block_light_emission": 0.1,
      "minecraft:explosion_resistance": 1.0
    }
  }
}