{
  "format_version": "1.16.0",
  "minecraft:block": {
    "description": {
      "identifier": "mc:redstone_jack_o_lantern",
      "is_experimental": false
    },
    "components": {
      "minecraft:loot": "loot_tables/blocks/mc_redstone_jack_o_lantern.json",
      "minecraft:destroy_time": 0.5,
      "minecraft:friction": 0.7,
      "minecraft:map_color": "#DC841C",
      "minecraft:block_light_absorption": 0.0,
      "minecraft:block_light_emission": 0.1,
      "minecraft:explosion_resistance": 1.0
    }
  }
}