{
  "format_version": null,
  "geometry.mr_copper_golem_statue": {
    "visible_bounds_width": 3,
    "visible_bounds_height": 3,
    "visible_bounds_offset": [
      0,
      1.5,
      0
    ],
    "texturewidth": 128,
    "textureheight": 128,
    "bones": [
      {
        "name": "body",
        "pivot": [
          0.0,
          31.0,
          0.0
        ],
        "cubes": [
          {
            "origin": [
              -4.2,
              14.2,
              -5.3
            ],
            "size": [
              9.0,
              5.0,
              6.0
            ],
            "uv": [
              0,
              70
            ],
            "inflate": 4.4
          }
        ]
      },
      {
        "name": "head",
        "pivot": [
          0.0,
          31.0,
          -2.0
        ],
        "cubes": [
          {
            "origin": [
              -4.0,
              31.1,
              -7.5
            ],
            "size": [
              8.0,
              10.0,
              8.0
            ],
            "uv": [
              0,
              0
            ],
            "inflate": 9.4
          },
          {
            "origin": [
              -1.0,
              22.9,
              -19.4
            ],
            "size": [
              2.0,
              4.0,
              2.0
            ],
            "uv": [
              24,
              0
            ],
            "inflate": 3.1
          },
          {
            "origin": [
              -1.1,
              59.0,
              -5.4
            ],
            "size": [
              2.0,
              4.0,
              2.0
            ],
            "uv": [
              24,
              0
            ],
            "inflate": 4.3
          },
          {
            "origin": [
              -1.1,
              51.7,
              -5.4
            ],
            "size": [
              2.0,
              4.0,
              2.0
            ],
            "uv": [
              24,
              0
            ],
            "inflate": 2.4
          },
          {
            "origin": [
              9.1,
              15.1,
              -3.3
            ],
            "size": [
              2.0,
              4.0,
              2.0
            ],
            "uv": [
              24,
              0
            ],
            "inflate": 1.1
          },
          {
            "origin": [
              -9.6,
              15.7,
              -2.5
            ],
            "size": [
              2.0,
              4.0,
              2.0
            ],
            "uv": [
              24,
              0
            ],
            "inflate": 1.5
          },
          {
            "origin": [
              9.1,
              9.3,
              -3.3
            ],
            "size": [
              2.0,
              4.0,
              2.0
            ],
            "uv": [
              24,
              0
            ],
            "inflate": 1.1
          },
          {
            "origin": [
              -10.4,
              9.5,
              -2.0
            ],
            "size": [
              2.0,
              4.0,
              2.0
            ],
            "uv": [
              24,
              0
            ],
            "inflate": 1.1
          }
        ],
        "parent": "body",
        "locators": {
          "lead": [
            0.0,
            31.0,
            -2.0
          ]
        }
      },
      {
        "name": "leg0",
        "pivot": [
          -4.0,
          13.0,
          0.0
        ],
        "cubes": [
          {
            "origin": [
              -7.5,
              0.0,
              -3.0
            ],
            "size": [
              6.0,
              16.0,
              5.0
            ],
            "uv": [
              37,
              0
            ],
            "inflate": 0
          }
        ],
        "parent": "body"
      },
      {
        "name": "leg1",
        "pivot": [
          5.0,
          13.0,
          0.0
        ],
        "cubes": [
          {
            "origin": [
              1.5,
              0.0,
              -3.0
            ],
            "size": [
              6.0,
              16.0,
              5.0
            ],
            "uv": [
              60,
              0
            ],
            "inflate": 0
          }
        ],
        "parent": "body",
        "mirror": true
      }
    ]
  }
}