{
  "format_version": null,
  "geometry.pa_buffed_copper_golem": {
    "visible_bounds_width": 3,
    "visible_bounds_height": 3,
    "visible_bounds_offset": [
      0,
      1.5,
      0
    ],
    "texturewidth": 128,
    "textureheight": 128,
    "bones": [
      {
        "name": "body",
        "pivot": [
          0.0,
          31.0,
          0.0
        ],
        "cubes": [
          {
            "origin": [
              -9.0,
              18.5,
              -6.0
            ],
            "size": [
              18.0,
              12.0,
              11.0
            ],
            "uv": [
              0,
              40
            ],
            "inflate": 2.2
          },
          {
            "origin": [
              -4.5,
              16.0,
              -3.0
            ],
            "size": [
              9.0,
              5.0,
              6.0
            ],
            "uv": [
              0,
              70
            ],
            "inflate": 2.7
          }
        ]
      },
      {
        "name": "head",
        "pivot": [
          0.0,
          31.0,
          -2.0
        ],
        "cubes": [
          {
            "origin": [
              -4.0,
              33.0,
              -7.5
            ],
            "size": [
              8.0,
              10.0,
              8.0
            ],
            "uv": [
              0,
              0
            ],
            "inflate": 0.7
          },
          {
            "origin": [
              -1.0,
              31.2,
              -10.1
            ],
            "size": [
              2.0,
              4.0,
              2.0
            ],
            "uv": [
              24,
              0
            ],
            "inflate": 0.4
          },
          {
            "origin": [
              -1.0,
              42.8,
              -4.4
            ],
            "size": [
              2.0,
              4.0,
              2.0
            ],
            "uv": [
              24,
              0
            ],
            "inflate": 0.4
          },
          {
            "origin": [
              -1.0,
              48.8,
              -4.4
            ],
            "size": [
              2.0,
              4.0,
              2.0
            ],
            "uv": [
              24,
              0
            ],
            "inflate": 1.8
          }
        ],
        "parent": "body",
        "locators": {
          "lead": [
            0.0,
            31.0,
            -2.0
          ]
        }
      },
      {
        "name": "arm0",
        "pivot": [
          0.0,
          31.0,
          0.0
        ],
        "cubes": [
          {
            "origin": [
              -16.1,
              2.3,
              -3.0
            ],
            "size": [
              4.0,
              30.0,
              6.0
            ],
            "uv": [
              60,
              21
            ],
            "inflate": 2.5
          }
        ],
        "parent": "body"
      },
      {
        "name": "arm1",
        "pivot": [
          0.0,
          31.0,
          0.0
        ],
        "cubes": [
          {
            "origin": [
              12.5,
              2.4,
              -3.0
            ],
            "size": [
              4.0,
              30.0,
              6.0
            ],
            "uv": [
              60,
              58
            ],
            "inflate": 2.0
          }
        ],
        "parent": "body"
      },
      {
        "name": "leg0",
        "pivot": [
          -4.0,
          13.0,
          0.0
        ],
        "cubes": [
          {
            "origin": [
              -7.5,
              0.0,
              -3.0
            ],
            "size": [
              6.0,
              16.0,
              5.0
            ],
            "uv": [
              37,
              0
            ],
            "inflate": 0.8
          }
        ],
        "parent": "body"
      },
      {
        "name": "leg1",
        "pivot": [
          5.0,
          13.0,
          0.0
        ],
        "cubes": [
          {
            "origin": [
              1.5,
              0.0,
              -3.0
            ],
            "size": [
              6.0,
              16.0,
              5.0
            ],
            "uv": [
              60,
              0
            ],
            "inflate": 0.9
          }
        ],
        "parent": "body",
        "mirror": true
      }
    ]
  }
}