{
	"format_version": "1.8.0",
	"minecraft:client_entity": {
		"description": {
			"identifier": "anniboy:copper_golem",
			"materials": {
				"default": "iron_golem"
			},
			"textures": {
				"default": "textures/entity/copper_golem",
				"one": "textures/entity/copper_golem_1",
				"two": "textures/entity/copper_golem_2",
				"three": "textures/entity/copper_golem_3"
			},
			"geometry": {
				"default": "geometry.copper_golem"
			},
			"animations": {
				"idle": "animation.copper_golem.idle",
				"move": "animation.copper_golem.move",
				"hit": "animation.copper_golem.hit"
			},
			"render_controllers": [
				"controller.render.copper_golem"
			],
			"animation_controllers": [
				{
					"default": "controller.animation.copper_golem"
				}
			],
			"spawn_egg": {
				"texture": "copper_golem"
			  }
		}
	}
}