{
  "format_version": "1.10",
  "minecraft:item": {
    "description": {
      "identifier": "pa:copper_apple_enchanted",
      "category": "items"
    },
    "components": {
      "minecraft:hand_equipped": false,
      "minecraft:max_stack_size": 64,
      "minecraft:foil": true,
      "minecraft:stack_by_data": true,
      "minecraft:food": {
        "saturation_modifier": "supernatural",
        "nutrition": 9,
        "can_always_eat": false,
        "effects": [
          {
            "name": "absorption",
            "chance": 1,
            "duration": 30,
            "amplifier": 1
          },
          {
            "name": "fire_resistance",
            "chance": 1,
            "duration": 30,
            "amplifier": 1
          },
          {
            "name": "instant_health",
            "chance": 1,
            "duration": 30,
            "amplifier": 1
          },
          {
            "name": "regeneration",
            "chance": 1,
            "duration": 30,
            "amplifier": 1
          },
          {
            "name": "resistance",
            "chance": 1,
            "duration": 30,
            "amplifier": 1
          },
          {
            "name": "saturation",
            "chance": 1,
            "duration": 30,
            "amplifier": 1
          }
        ]
      },
      "minecraft:use_duration": 60
    }
  }
}