{
  "format_version": "1.16.100",
  "minecraft:item": {
    "description": {
      "identifier": "pa:copper_chestplate",
      "category": "Equipment"
    },
    "components": {
      "minecraft:icon": {
        "texture": "pa_copper_chestplate"
      },
      "minecraft:creative_category": {
        "parent": "itemGroup.name.chestplate"
      },
      "minecraft:max_stack_size": 1,
      "minecraft:enchantable": {
        "value": 10,
        "slot": "armor_torso"
      },
      "minecraft:durability": {
        "max_durability": 2001,
        "damage_chance": {
          "min": 60,
          "max": 100
        }
      },
      "minecraft:knockback_resistance": {
        "protection": 0.7
      },
      "minecraft:mining_speed": 5,
      "minecraft:foil": false,
      "minecraft:wearable": {
        "slot": "slot.armor.chest"
      },
      "minecraft:render_offsets": "chestplates",
      "minecraft:repairable": {
        "repair_items": [
          {
            "items": [
              "minecraft:copper_ingot",
              "pa:copper_chestplate"
            ],
            "repair_amount": 10
          }
        ]
      },
      "minecraft:armor": {
        "protection": 7
      },
      "minecraft:display_name": {}
    }
  }
}