{
  "format_version": "1.16.100",
  "minecraft:item": {
    "description": {
      "category": "equipment",
      "identifier": "pa:copper_axe"
    },
    "components": {
      "minecraft:icon": {
        "texture": "pa_copper_axe"
      },
      "minecraft:creative_category": {
        "parent": "itemGroup.name.axe"
      },
      "minecraft:max_stack_size": 1,
      "minecraft:hand_equipped": true,
      "minecraft:allow_off_hand": true,
      "minecraft:foil": false,
      "minecraft:durability": {
        "max_durability": 100,
        "damage_chance": {
          "min": 60,
          "max": 100
        }
      },
      "minecraft:repairable": {
        "repair_items": [
          {
            "items": [
              "minecraft:copper_ingot"
            ],
            "repair_amount": 10
          },
          {
            "items": [
              "pa:copper_axe"
            ],
            "repair_amount": "context.other->query.remaining_durability + 0.2 * context.other->query.max_durability"
          }
        ]
      },
      "minecraft:mining_speed": 1,
      "minecraft:damage": 4,
      "minecraft:enchantable": {
        "value": 15,
        "slot": "axe"
      },
      "minecraft:can_destroy_in_creative": true,
      "minecraft:digger": {
        "use_efficiency": true,
        "destroy_speeds": [
          {
            "block": "minecraft:acacia_fence_gate",
            "speed": 2,
            "on_dig": {
              "event": "hurt"
            }
          },
          {
            "block": "minecraft:acacia_sign",
            "speed": 2,
            "on_dig": {
              "event": "hurt"
            }
          },
          {
            "block": "minecraft:acacia_stairs",
            "speed": 2,
            "on_dig": {
              "event": "hurt"
            }
          },
          {
            "block": "minecraft:birch_fence_gate",
            "speed": 2,
            "on_dig": {
              "event": "hurt"
            }
          },
          {
            "block": "minecraft:birch_sign",
            "speed": 2,
            "on_dig": {
              "event": "hurt"
            }
          },
          {
            "block": "minecraft:birch_stairs",
            "speed": 2,
            "on_dig": {
              "event": "hurt"
            }
          },
          {
            "block": "minecraft:crimson_button",
            "speed": 2,
            "on_dig": {
              "event": "hurt"
            }
          },
          {
            "block": "minecraft:crimson_door",
            "speed": 2,
            "on_dig": {
              "event": "hurt"
            }
          },
          {
            "block": "minecraft:crimson_fence",
            "speed": 2,
            "on_dig": {
              "event": "hurt"
            }
          },
          {
            "block": "minecraft:crimson_fence_gate",
            "speed": 2,
            "on_dig": {
              "event": "hurt"
            }
          },
          {
            "block": "minecraft:crimson_planks",
            "speed": 2,
            "on_dig": {
              "event": "hurt"
            }
          },
          {
            "block": "minecraft:crimson_pressure_plate",
            "speed": 2,
            "on_dig": {
              "event": "hurt"
            }
          },
          {
            "block": "minecraft:crimson_sign",
            "speed": 2,
            "on_dig": {
              "event": "hurt"
            }
          },
          {
            "block": "minecraft:crimson_slab",
            "speed": 2,
            "on_dig": {
              "event": "hurt"
            }
          },
          {
            "block": "minecraft:crimson_stairs",
            "speed": 2,
            "on_dig": {
              "event": "hurt"
            }
          },
          {
            "block": "minecraft:crimson_stem",
            "speed": 2,
            "on_dig": {
              "event": "hurt"
            }
          },
          {
            "block": "minecraft:crimson_trapdoor",
            "speed": 2,
            "on_dig": {
              "event": "hurt"
            }
          },
          {
            "block": "minecraft:dark_oak_fence_gate",
            "speed": 2,
            "on_dig": {
              "event": "hurt"
            }
          },
          {
            "block": "minecraft:dark_oak_stairs",
            "speed": 2,
            "on_dig": {
              "event": "hurt"
            }
          },
          {
            "block": "minecraft:darkoak_sign",
            "speed": 2,
            "on_dig": {
              "event": "hurt"
            }
          },
          {
            "block": "minecraft:fence",
            "speed": 2,
            "on_dig": {
              "event": "hurt"
            }
          },
          {
            "block": "minecraft:fence_gate",
            "speed": 2,
            "on_dig": {
              "event": "hurt"
            }
          },
          {
            "block": "minecraft:jungle_fence_gate",
            "speed": 2,
            "on_dig": {
              "event": "hurt"
            }
          },
          {
            "block": "minecraft:jungle_sign",
            "speed": 2,
            "on_dig": {
              "event": "hurt"
            }
          },
          {
            "block": "minecraft:jungle_stairs",
            "speed": 2,
            "on_dig": {
              "event": "hurt"
            }
          },
          {
            "block": "minecraft:log",
            "speed": 2,
            "on_dig": {
              "event": "hurt"
            }
          },
          {
            "block": "minecraft:log2",
            "speed": 2,
            "on_dig": {
              "event": "hurt"
            }
          },
          {
            "block": "minecraft:nether_brick_fence",
            "speed": 2,
            "on_dig": {
              "event": "hurt"
            }
          },
          {
            "block": "minecraft:oak_stairs",
            "speed": 2,
            "on_dig": {
              "event": "hurt"
            }
          },
          {
            "block": "minecraft:planks",
            "speed": 2,
            "on_dig": {
              "event": "hurt"
            }
          },
          {
            "block": "minecraft:sign",
            "speed": 2,
            "on_dig": {
              "event": "hurt"
            }
          },
          {
            "block": "minecraft:spruce_fence_gate",
            "speed": 2,
            "on_dig": {
              "event": "hurt"
            }
          },
          {
            "block": "minecraft:spruce_sign",
            "speed": 2,
            "on_dig": {
              "event": "hurt"
            }
          },
          {
            "block": "minecraft:spruce_stairs",
            "speed": 2,
            "on_dig": {
              "event": "hurt"
            }
          },
          {
            "block": "minecraft:stripped_acacia_log",
            "speed": 2,
            "on_dig": {
              "event": "hurt"
            }
          },
          {
            "block": "minecraft:stripped_birch_log",
            "speed": 2,
            "on_dig": {
              "event": "hurt"
            }
          },
          {
            "block": "minecraft:stripped_crimson_hyphae",
            "speed": 2,
            "on_dig": {
              "event": "hurt"
            }
          },
          {
            "block": "minecraft:stripped_crimson_stem",
            "speed": 2,
            "on_dig": {
              "event": "hurt"
            }
          },
          {
            "block": "minecraft:stripped_dark_oak_log",
            "speed": 2,
            "on_dig": {
              "event": "hurt"
            }
          },
          {
            "block": "minecraft:stripped_jungle_log",
            "speed": 2,
            "on_dig": {
              "event": "hurt"
            }
          },
          {
            "block": "minecraft:stripped_oak_log",
            "speed": 2,
            "on_dig": {
              "event": "hurt"
            }
          },
          {
            "block": "minecraft:stripped_spruce_log",
            "speed": 2,
            "on_dig": {
              "event": "hurt"
            }
          },
          {
            "block": "minecraft:stripped_warped_hyphae",
            "speed": 2,
            "on_dig": {
              "event": "hurt"
            }
          },
          {
            "block": "minecraft:stripped_warped_stem",
            "speed": 2,
            "on_dig": {
              "event": "hurt"
            }
          },
          {
            "block": "minecraft:warped_door",
            "speed": 2,
            "on_dig": {
              "event": "hurt"
            }
          },
          {
            "block": "minecraft:warped_fence",
            "speed": 2,
            "on_dig": {
              "event": "hurt"
            }
          },
          {
            "block": "minecraft:warped_fence_gate",
            "speed": 2,
            "on_dig": {
              "event": "hurt"
            }
          },
          {
            "block": "minecraft:warped_hyphae",
            "speed": 2,
            "on_dig": {
              "event": "hurt"
            }
          },
          {
            "block": "minecraft:warped_planks",
            "speed": 2,
            "on_dig": {
              "event": "hurt"
            }
          },
          {
            "block": "minecraft:warped_pressure_plate",
            "speed": 2,
            "on_dig": {
              "event": "hurt"
            }
          },
          {
            "block": "minecraft:warped_sign",
            "speed": 2,
            "on_dig": {
              "event": "hurt"
            }
          },
          {
            "block": "minecraft:warped_slab",
            "speed": 2,
            "on_dig": {
              "event": "hurt"
            }
          },
          {
            "block": "minecraft:warped_stairs",
            "speed": 2,
            "on_dig": {
              "event": "hurt"
            }
          },
          {
            "block": "minecraft:warped_stem",
            "speed": 2,
            "on_dig": {
              "event": "hurt"
            }
          },
          {
            "block": "minecraft:warped_trapdoor",
            "speed": 2,
            "on_dig": {
              "event": "hurt"
            }
          },
          {
            "block": "minecraft:wood",
            "speed": 2,
            "on_dig": {
              "event": "hurt"
            }
          },
          {
            "block": "minecraft:wooden_door",
            "speed": 2,
            "on_dig": {
              "event": "hurt"
            }
          },
          {
            "block": "minecraft:wooden_pressure_plate",
            "speed": 2,
            "on_dig": {
              "event": "hurt"
            }
          },
          {
            "block": "minecraft:wooden_slab",
            "speed": 2,
            "on_dig": {
              "event": "hurt"
            }
          }
        ]
      },
      "minecraft:weapon": {
        "on_hurt_entity": {
          "event": "hurt"
        },
        "on_not_hurt_entity": {
          "event": "hurt"
        },
        "on_hit_block": {
          "event": "hurt"
        }
      },
      "minecraft:render_offsets": {
        "main_hand": {
          "third_person": {
            "scale": [
              0.1,
              0.1,
              0.1
            ]
          },
          "first_person": {
            "scale": [
              0.037999999999977205,
              0.037999999999977205,
              0.037999999999977205
            ]
          }
        },
        "off_hand": {
          "third_person": {
            "scale": [
              0.1,
              0.1,
              0.1
            ]
          },
          "first_person": {
            "scale": [
              0.037999999999977205,
              0.037999999999977205,
              0.037999999999977205
            ]
          }
        }
      },
      "tag:minecraft:is_axe": {},
      "minecraft:display_name": {}
    },
    "events": {
      "on_use_event": {
        "sequence": [
          {
            "run_command": {
              "command": [],
              "target": "self"
            }
          },
          {
            "damage": {
              "type": "magic",
              "amount": 1,
              "target": "self"
            }
          }
        ]
      },
      "hurt": {
        "damage": {
          "type": "magic",
          "amount": 1,
          "target": "self"
        }
      }
    }
  }
}