{
  "format_version": "1.16.100",
  "minecraft:item": {
    "description": {
      "identifier": "pa:copper_leggings",
      "category": "Equipment"
    },
    "components": {
      "minecraft:icon": {
        "texture": "pa_copper_leggings"
      },
      "minecraft:creative_category": {
        "parent": "itemGroup.name.leggings"
      },
      "minecraft:max_stack_size": 1,
      "minecraft:enchantable": {
        "value": 10,
        "slot": "armor_legs"
      },
      "minecraft:durability": {
        "max_durability": 2001,
        "damage_chance": {
          "min": 60,
          "max": 100
        }
      },
      "minecraft:knockback_resistance": {
        "protection": 0.7
      },
      "minecraft:mining_speed": 5,
      "minecraft:foil": false,
      "minecraft:hand_equipped": false,
      "minecraft:wearable": {
        "slot": "slot.armor.legs"
      },
      "minecraft:render_offsets": "leggings",
      "minecraft:repairable": {
        "repair_items": [
          {
            "items": [
              "minecraft:copper_ingot",
              "pa:copper_leggings"
            ],
            "repair_amount": 10
          }
        ]
      },
      "minecraft:armor": {
        "protection": 7
      },
      "minecraft:display_name": {}
    }
  }
}