{
  "id": "1623657068458",
  "name": "forest golem",
  "pools": [
    {
      "rolls": 4,
      "entries": [
        {
          "type": "item",
          "weight": 1,
          "name": "minecraft:sapling",
          "functions": [
            {
              "function": "set_count",
              "count": {
                "min": 1,
                "max": 1
              }
            }
          ]
        }
      ]
    },
    {
      "rolls": 1,
      "entries": [
        {
          "type": "item",
          "weight": 1,
          "name": "minecraft:red_flower",
          "functions": [
            {
              "function": "set_count",
              "count": {
                "min": 1,
                "max": 1
              }
            }
          ]
        }
      ]
    }
  ]
}