{
  "id": "1624006013122",
  "name": "peoeoe",
  "pools": [
    {
      "rolls": 4,
      "entries": [
        {
          "type": "item",
          "weight": 1,
          "name": "minecraft:amethyst_shard",
          "functions": [
            {
              "function": "set_count",
              "count": {
                "min": 1,
                "max": 1
              }
            }
          ]
        }
      ]
    },
    {
      "rolls": 1,
      "entries": [
        {
          "type": "item",
          "weight": 1,
          "name": "minecraft:red_flower",
          "functions": [
            {
              "function": "set_count",
              "count": {
                "min": 1,
                "max": 1
              }
            }
          ]
        }
      ]
    }
  ]
}