{
  "id": "1623733545635",
  "name": "titanium golem",
  "pools": [
    {
      "rolls": 5,
      "entries": [
        {
          "type": "item",
          "weight": 1,
          "name": "mgremastered:titanium",
          "functions": [
            {
              "function": "set_count",
              "count": {
                "min": 1,
                "max": 1
              }
            }
          ]
        }
      ]
    },
    {
      "rolls": 2,
      "entries": [
        {
          "type": "item",
          "weight": 1,
          "name": "minecraft:red_flower",
          "functions": [
            {
              "function": "set_count",
              "count": {
                "min": 1,
                "max": 1
              }
            }
          ]
        }
      ]
    }
  ]
}