{
  "resource_pack_name": "Furnicraft[Resource]",
  "texture_name": "atlas.items",
  "texture_data": {
    "egg_camel": {
      "textures": "textures/items/egg_camel"
    },
    "egg_lion": {
      "textures": "textures/items/egg_lion"
    },
    "egg_penguin": {
      "textures": "textures/items/egg_penguin"
    },
    "egg_tiger": {
      "textures": "textures/items/egg_tiger"
    },
    "egg_elephant": {
      "textures": "textures/items/egg_elephant"
    },
    "egg_deer": {
      "textures": "textures/items/egg_deer"
    },
    "egg_panther": {
      "textures": "textures/items/egg_panther"
    },
    "egg_frog": {
      "textures": "textures/items/egg_frog"
    },
    "egg_crocodile": {
      "textures": "textures/items/egg_crocodile"
    },
    "egg_mouse": {
      "textures": "textures/items/egg_mouse"
    },
    "gallardo": {
      "textures": "textures/items/gallardo"
    },
    "bench": {
      "textures": "textures/items/bench"
    },
    "christmas_tree": {
      "textures": "textures/items/christmas_tree"
    },
    "tivi": {
      "textures": "textures/items/tivi"
    },
    "closet": {
      "textures": "textures/items/closet"
    },
    "laptop": {
      "textures": "textures/items/laptop"
    },
    "piano": {
      "textures": "textures/items/piano"
    },
    "armchairs": {
      "textures": "textures/items/armchairs"
    },
    "chair": {
      "textures": "textures/items/chair"
    },
    "big_table": {
      "textures": "textures/items/big_table"
    },
    "small_table": {
      "textures": "textures/items/small_table"
    },
    "drone": {
      "textures": "textures/items/drone"
    },
    "colorful_gifts": {
      "textures": "textures/items/colorful_gifts"
    },
    "pa:netherite_golem": {
      "textures": "textures/items/pamobile/pa_netherite_golem"
    },
    "pa:villager_golem": {
      "textures": "textures/items/pamobile/pa_villager_golem"
    },
    "pa:golden_golem": {
      "textures": "textures/items/pamobile/pa_golden_golem"
    },
    "pa:ender_golem": {
      "textures": "textures/items/pamobile/pa_ender_golem"
    },
    "pa:diamond_golem": {
      "textures": "textures/items/pamobile/pa_diamond_golem"
    },
    "pa:lapis_golem": {
      "textures": "textures/items/pamobile/pa_lapis_golem"
    },
    "pa:obsidian_golem": {
      "textures": "textures/items/pamobile/pa_obsidian_golem"
    },
    "pa:esmerald_golem": {
      "textures": "textures/items/pamobile/pa_esmerald_golem"
    },
    "pa:ice_golem": {
      "textures": "textures/items/pamobile/pa_ice_golem"
    },
    "pa:nether_golem": {
      "textures": "textures/items/pamobile/pa_nether_golem"
    }
  }
}