{
  "resource_pack_name": "Furnicraft[Resource]",
  "texture_name": "atlas.items",
  "texture_data": {
    "egg_camel": {
      "textures": "textures/items/egg_camel"
    },
    "egg_lion": {
      "textures": "textures/items/egg_lion"
    },
    "egg_penguin": {
      "textures": "textures/items/egg_penguin"
    },
    "egg_tiger": {
      "textures": "textures/items/egg_tiger"
    },
    "egg_elephant": {
      "textures": "textures/items/egg_elephant"
    },
    "egg_deer": {
      "textures": "textures/items/egg_deer"
    },
    "egg_panther": {
      "textures": "textures/items/egg_panther"
    },
    "egg_frog": {
      "textures": "textures/items/egg_frog"
    },
    "egg_crocodile": {
      "textures": "textures/items/egg_crocodile"
    },
    "egg_mouse": {
      "textures": "textures/items/egg_mouse"
    },
    "gallardo": {
      "textures": "textures/items/gallardo"
    },
    "bench": {
      "textures": "textures/items/bench"
    },
    "christmas_tree": {
      "textures": "textures/items/christmas_tree"
    },
    "tivi": {
      "textures": "textures/items/tivi"
    },
    "closet": {
      "textures": "textures/items/closet"
    },
    "laptop": {
      "textures": "textures/items/laptop"
    },
    "piano": {
      "textures": "textures/items/piano"
    },
    "armchairs": {
      "textures": "textures/items/armchairs"
    },
    "chair": {
      "textures": "textures/items/chair"
    },
    "big_table": {
      "textures": "textures/items/big_table"
    },
    "small_table": {
      "textures": "textures/items/small_table"
    },
    "drone": {
      "textures": "textures/items/drone"
    },
    "colorful_gifts": {
      "textures": "textures/items/colorful_gifts"
    },
    "moregolem:mega_crystal": {
      "textures": "textures/items/pamobile/moregolem_mega_crystal"
    },
    "moregolem:mega_sword": {
      "textures": "textures/items/pamobile/moregolem_mega_sword"
    },
    "moregolem:mega_golem": {
      "textures": "textures/items/pamobile/moregolem_mega_golem"
    },
    "moregolem:metal_golem": {
      "textures": "textures/items/pamobile/moregolem_metal_golem"
    },
    "moregolem:lava_golem": {
      "textures": "textures/items/pamobile/moregolem_lava_golem"
    },
    "moregolem:golden_golem": {
      "textures": "textures/items/pamobile/moregolem_golden_golem"
    },
    "moregolem:ice_golem": {
      "textures": "textures/items/pamobile/moregolem_ice_golem"
    },
    "moregolem:fire_golem": {
      "textures": "textures/items/pamobile/moregolem_fire_golem"
    },
    "moregolem:diamond_golem": {
      "textures": "textures/items/pamobile/moregolem_diamond_golem"
    },
    "moregolem:emerald_golem": {
      "textures": "textures/items/pamobile/moregolem_emerald_golem"
    },
    "moregolem:brick_golem": {
      "textures": "textures/items/pamobile/moregolem_brick_golem"
    },
    "moregolem:corrupted_golem": {
      "textures": "textures/items/pamobile/moregolem_corrupted_golem"
    }
  }
}