{
  "format_version": "1.16.100",
  "minecraft:item": {
    "description": {
      "identifier": "mc:spawn_diamond_golem_1",
      "category": "Equipment"
    },
    "components": {
      "minecraft:display_name": {
        "value": "Spawn Diamondgolem"
      },
      "minecraft:creative_category": {
        "parent": "itemGroup.name.tools"
      },
      "minecraft:stacked_by_data": true,
      "minecraft:cooldown": {
        "category": "reload",
        "duration": 0.1
      },
      "minecraft:food": {
        "can_always_eat": true
      },
      "minecraft:allow_off_hand": false,
      "minecraft:hand_equipped": true,
      "minecraft:use_animation": "bow",
      "minecraft:use_duration": 999999.0,
      "minecraft:max_stack_size": 1,
      "minecraft:icon": {
        "texture": "mc_spawn_diamond_golem_1"
      },
      "minecraft:render_offsets": {
        "main_hand": {
          "third_person": {
            "scale": [
              0.008791208791208791,
              0.008791208791208791,
              0.008791208791208791
            ]
          },
          "first_person": {
            "scale": [
              0.0033406593406573363,
              0.0033406593406573363,
              0.0033406593406573363
            ]
          }
        },
        "off_hand": {
          "third_person": {
            "scale": [
              0.008791208791208791,
              0.008791208791208791,
              0.008791208791208791
            ]
          },
          "first_person": {
            "scale": [
              0.0033406593406573363,
              0.0033406593406573363,
              0.0033406593406573363
            ]
          }
        }
      }
    }
  }
}